section,metric,value
normal,nav_cmd,0.2
normal,final_cmd,0.2
normal,odom_mps,0.199
fault1_lidar,injection,LiDAR /scan relay stopped
fault1_lidar,to_warning_s,0.19
fault1_lidar,to_degraded_s,0.64
fault1_lidar,to_critical_s,0.94
fault1_lidar,stop_final_cmd,0.0
fault1_lidar,stop_odom_mps,0.0002
fault1_lidar,stopped_window_moved_mm,0.0
fault1_lidar,distance_after_injection_m,0.173
fault1_lidar,recovery_hold_s,2.05
fault1_lidar,resumed_odom_mps,0.199
fault2_odometry,injected_vx_mps,2.5
fault2_odometry,real_vx_mps,0.2
fault2_odometry,single_spike_rejected_samples,1
fault2_odometry,single_spike_state_change,False
fault2_odometry,to_degraded_s,0.17
fault2_odometry,speed_before_mps,0.199
fault2_odometry,degraded_final_cmd,0.1
fault2_odometry,degraded_odom_mps,0.1
fault2_odometry,corrupted_odom_max_mps,2.5
fault2_odometry,recovery_s,2.03
fault2_odometry,resumed_odom_mps,0.199
fault3_latency,injected_degraded_s,0.3
fault3_latency,measured_degraded_s,0.302
fault3_latency,injected_critical_s,0.7
fault3_latency,measured_critical_s,0.703
fault3_latency,to_degraded_s,0.59
fault3_latency,to_critical_s,0.54
fault3_latency,speed_normal_mps,0.199
fault3_latency,speed_degraded_mps,0.1
fault3_latency,speed_critical_mps,0.0003
fault3_latency,critical_final_cmd,0.0
fault3_latency,stale_commands_after_disable,0
fault3_latency,recovery_hold_s,2.02
fault3_latency,resumed_odom_mps,0.199
fault4_navigation,crash_pid,56353
fault4_navigation,respawn_pid,56858
fault4_navigation,hb_age_at_warning_s,0.35
fault4_navigation,hb_age_at_degraded_s,0.75
fault4_navigation,hb_age_at_critical_s,1.25
fault4_navigation,respawn_process_s,1.2
fault4_navigation,restart_detected_by_monitor_s,1.84
fault4_navigation,recovery_hold_s,2.01
fault4_navigation,distance_crash_to_normal_m,0.153
fault4_navigation,stopped_window_moved_mm,0.0
fault4_navigation,resumed_odom_mps,0.199
demo,checks,25/25
demo,passed,True
